post,label
"#Дуйсбург Четверо арабских беженцев зарезали немецкую девочку-подростка на 5-м месяце беременности, которая думала, что она… @url",1
"@user говорит, что левый. когда получает угрозы от крайне левых и видит миллионы повреждений и… @url",0
@user @user @user @user @user как вести дебаты между левыми без каких-либо противоречий,0
Греция: поток беженцев и мигрантов на континент ускоряется @url @url,1
"@user Я не думал об этом, но немногие жители Северной Африки столкнулись с африканскими #мигрантами в Нанте.",0
"@user @user @user не голосует, отдает голос левому макрону слева и т. д.",0
когда вдобавок социальное насилие (потеря… @url,0
"@user @user @user никто не зацикливается на том, что у многих из них в пищеводе земноводные?",0
"@user Я не опаздываю на станцию, но снаружи звонят отовсюду.",0
"против иммиграции и исламизации Франции единственная партия, которая защищает Францию, - это RN (и DLF) @url",1
@используйте деньги для мигрантов... деньги... прежде всего французский! для наших пожилых людей – национальный приоритет!,0
Лун-Бич: женщина подверглась жестокому нападению со стороны группы мигрантов @url,0
"что об этом думают сторонники агрохимии, сторонники развития, чрезмерно антиэкологи и другие климатические скептики… @url",1
многие мигранты также жили нелегально в США. 35% нелегальных мигрантов перехватываются в Квебеке… @url,0
"@user арабские страны просто должны приветствовать их, мы не хотим этого так сильно",0
Макрон и исламизация Франции — хорошо продуманный план института Монтеня @url,0
"@user для меня незначительность не заслуживает того, чтобы на ней заострять внимание !!",0
"видео Газа: так СМИ называют демонстрации. а по-вашему, почему арабы посылают… @url",0
"Ренуа — городские парни, которые бегут как мбаппе, как только тебя узнает собака #thiseventribunal",1
в моей команде в университете clrmt 20 ребе/ренуа на 600 с горяч.,0
"ну, есть еще несколько очень красивых предложений, если присмотреться немного @user @url",0
"@user @user чем именно занимается это правительство? почему он зацикливается на мелочах, когда… @url",0
"@user да, но с утра я не опаздывал после матча",0
"представить, что #африканцы приезжают в #Европу — это просто фантазия, учитывая, что 90% африканских #мигрантов возвращаются… @url",1
"@user @user @user мистер Саймон, вы не можете оправдать или смягчить жестокость высказываний мистера Земму… @url",0
"@user, это совершенно так, попробуй уже произнести это по телевизору, и ты увидишь, что это немного похоже на левое выражение",1
@user @user птн это насилие над вопросом лол,0
@user у этого умственно отсталого человека нет даже диплома. отдайте свою работу безработному.,1
к сожалению во #франции один из десяти потерянных найден! #мигранты #стопиммиграция @url,1
"для тех, кто сомневается в конспиративности и бредовом антисионизме Абдельрахима Али, вот тема… @url",0
"если #заговор и #антисемитские убийства в #питтсбурге сегодня обрушатся на #США, давайте не будем забывать, что этот идеал… @url",1
ты бы предпочел пойти на вечеринку с другим идиотом из зоонекинда или пойти на занятия с другим монголом из Маье? — Алекс… @url,0
"@user, почему против аутистов? Я считаю глупым делать это чем-то вроде обязательной вещи, но… @url",0
@user @user @user @user просто я обычно больше внимания уделяю цвету своей одежды,0
положить конец теории заговора против автомобилей @user @user @url,0
интересная левая диалектика.,0
"@user @user @user это было бы: антиисламизм (антирадикализм, терроризм, экстремизм) или анти я… @url",0
"@user да, очень хорошо! но я до сих пор не вижу корреляции с африканскими мигрантами. ^^",0
"@user ptydttyddtrrtdd вау, ты принимаешь меня за грязного араба",1
веганы против абортов?,1
@url @url @url ты говоришь чертовски левый @url,0
"@user @user @user guenolé, левый осмелился критиковать одну из единственных по-настоящему благородных феминисток и… @url",0
"новый поворот влево, ПС вернулся в оппозицию. после голландского мандата… приветствуя мигрантов… @url",0
"Ренуа, это безумие, как они сдают аренду, особенно когда они носят durag jvs love",0
"Я действительно отсталый, ням",0
"Как вы физически находите повстанцев? не обязательно парни Тесс — сумасшедшие, сумасшедшие @url",0
"@user сказал бы, что это большой вест-индийский дарон на последнем",0
Бог никогда не медлит с удовлетворением внешней потребности.,0
Алжир: «мигранты сейчас гораздо более уязвимы» для Лейлы Беррато - @url,0
"забывает слова, конечно, больший дебил, чем я х)",0
"@user, этот интеллектуальный терроризм характерен только для левых; история это продемонстрировала и до сих пор показывает.",1
"@user, это насилие, продуктом которого ты являешься?",0
Италия принимает закон об ускорении высылки мигрантов @url,0
"@user @user чувак, если он не выиграет у «Ливерпуля», его выбьют, так что не отставай здесь",0
скорее это левые коллаборационисты из-за них отвернули глаза своим бедолагам mi @url,1
"@user, они считают его умственно отсталым или типа того, ptdr",0
"когда я выхожу из парикмахерской, я действительно самый красивый из всех ребе",0
расистские антимусульманские террористические атаки; редко квалифицируются как терроризм. https:…,0
"@user @user Вы имеете в виду, что подозреваете @user в пропаганде исламского терроризма? и… @url",0
"как он ставит свою фазу на «ле Ренуа де Стэмфорд Бридж», если он берет кого-нибудь в Леуле",0
"@user @user Я не отрицаю, кто я, я ем все. Я бы съел левое бобо, но я… @url",1
"@user @user йен, у них проблемы с получением, это безумие",0
он способен под воздействием гнева первой степени бросить на тебя грязного араба или грязного негра... У меня есть… @url,1
"когда я вижу, что котенок помогает детям-беженцам, которые спят на улице...",0
"«Чтобы снизить издержки преувеличенной иммиграции, чтобы быстрее высылать правонарушителей и поддельные заявления… @url",1
"rt @user все друзья Клары называют меня твоим китайским другом лол с уф г не чувствую, что я так сильно похож на нойча q",1
@user @user нет! не нужны эти экономические мигранты! хватит значит хватит . более срочно нужно… @url,0
"Арабов тоже много, и они так редко появляются в моих кругах, что вопрос…",0
"Исламистские предпочтения левых мотивированы клиентелизмом, но также и антиклерикализмом.",0
"@use африканизация и исламизация Европы - это импорт моральных ценностей, которые связаны между собой. н… @url",1
невыносимо the rebeus pr ca @url,0
"@user @user идет исламизация Франции... финансируется кафе. это, наверное, первый… @url",0
"@user @user @user @user уже ислам= мирный терроризм — это средство, которое он использует… @url",0
"@user Я не левый, как ты говоришь. Меня никогда не считали левым. ты... @url",0
Антимигрантская стена в Сахаре: потрясающая идея Трампа @url,0
"@user @user Мне хотелось бы знать, почему «левый ислам» — ваш главный враг и… @url",0
"@user @user да, большой замены или антибелого расизма не существует! c tjr арабская черная молодая в с… @url",0
"У меня есть одно сожаление, но я не буду на нем останавливаться. надо двигаться вперед @url",0
#мигранты #ислам #исламизация #исламизм #ислам #африка #иммигранты #макрон #лрем #фра…,0
"@user @user Баас была партией для всех арабов, имевшей свой вариант в каждой стране (иракская Баас при Саддаме и т. д.)",0
"@user это не та группа сторонников, что ты монгол",0
"@user @user это не имеет ничего общего с тем, чтобы быть на вершине пищевой шкалы или с нашим... @url",0
@user @user «мы во Франции».... «мы не в Африке» твои слова вызывают смех… @url,1
"@user @user хорошая шутка. Арабско-мусульманское рабство, терроризм и исламизм уже нанесли немалый ущерб.",1
@user @user @user всегда одни и те же клише 1) ненасилие – это моральная позиция… @url,0
"вверху: @user 'добро пожаловать в #cergy, где совершенно обнаженные африканские мигранты жестоко нападают на французов… @url",1
"@user @user @user @user в Индии не ест мясо, потому что из него получается г... @url",0
"@user me hamdullah Я живу в африканской стране, поэтому мое имя не будет беспокоить, но людей, у которых есть трудности… @url",0
"@user Я пошел к своему оператору, они сказали мне, что я ничего не могу сделать, кроме как подать жалобу на притеснение или изменить свой номер",0
"@user @user ты узнаешь разницу между левыми, такими как lula/melenchon, и f... @url",0
"Ренуа, ты не можешь сказать ей, что она тебе нравится, иначе ты найдешь ее красивой, иначе в ее голове она поверит этим бей… @url",1
включение разнообразия не означает молчаливого согласия с мракобесием. отказываясь осудить политический ислам… @url,0
"как ни странно, меня оскорбляют только ренуа, они самые большие шлюхи во вселенной? ржу не могу",1
"@user @user ну, ты тоже скажешь тебе переконвертировать, когда по причине x или группе d... @url",0
«грязный еврей» выделен непохожим на остальных лол #lejouroujaibrulemoncoeur,1
"@user должен переопределить это. У меня то же самое, я не обращаю на это особого внимания...",0
"Левая идеологическая обработка @user работает на полную мощность на клише, разворовывает их богатство на... @url",0
"@user @user не должен мечтать о том, что кто-то опоздает в пятницу... надо приложить немного усилий... @url",0
"@используйте особенно арабов. Они идеально подходят для занятий спортом, к тому же любят ветер благодаря своим… @url",1
"@user hsksjsh да, почему бы и нет, но эй, Ренуа третьи в моем рейтинге",0
"@user @user ах, это сложно, когда знаешь, что смартфоны — это бетон и здания",0
"@user @user истребляй, чтобы не мучить их. это напоминает нам о второй мировой войне",0
"@user Я признаю, что мы слишком сильно страдаем от студентов Ренна. силы вам вместе!!! @url",0
"@user, особенно чернокожие и арабы, в худшем случае у них будет интервью, но когда парень увидит их лицо в этом м… @url",0
"Чтобы считаться активистом по борьбе с расизмом, вам нужно сделать только две вещи:",0
"она разговаривала со своим другом и сказала ему, что он ренуа.. ах… @url",0
"Французские левые хотят решить мировые проблемы, но не могут решить проблемы дома...донор @url",0
"@user @user @user @user @user просто левый, всегда дающий уроки морали",0
"Если бы Земмур сказал правду, что терроризм утверждает, что это ислам, он бы не смог закончить свое предложение. onpc ложится спать… @url",0
"трахни твою мать, грязный еврей @url",1
"когда степь слишком велика, ветер несет новости монгольской пословицы, датируемой еще до Твиттера....",0
"@user @user @user нет, но левые очень долго идут на компромисс...",0
Ренуа и их потоки - такое удовольствие для глаз :)),0
@user @user отрицание антибелого расизма исламо-левых @user тот же аргумент… @url,1
"@user @user @user Ислам строго запрещает терроризм. те, кто знает историю… @url",0
Торты ребеус: шаг 1 @url,1
"@user @user @user конец игры Я не задерживаюсь с людьми, которые говорят, не зная, благодаря г… @url",0
"Сенатор Пийон выступает против абортов, против однополых браков, против разводов и против алиментов… @url",1
Нет ! не нужны эти экономические мигранты! хватит значит хватит . срочно навязать др… @url,0
"ты развлечение ребеу, грязная девчонка знает, что тебе нравятся арабы — всегда в поисках малейшего из моих твитов, ты… @url",0
@user @user Исламизация на подходе! широко распространенная нищета по всей Франции.,1
"ребеус, которого я не знаю из Евы или Адама (да, старое выражение), перестаньте добавлять на Facebook, это не останавливает… @url",1
"@user да, я хороший, я не зацикливаюсь на физическом плане",0
@user @user @user @user @user большой Мне надоело смотреть на Ренуа… @url,0
Исламизация Франции в полном разгаре – результат проникновения мусульман в слои… @url,0
"ваш Ренуа ростом 1 м 95 и весом 110 кг, который публикует фруктовые твиты, сказал бы «макасси»",0
"фильм об отсталых девчонках, которые каждое утро расправляются",0
"@user @user это не теория заговора. возможно, его захватили фашисты, но ЕС… @url",0
@user @user @user хороший левый друг Тихиро,0
"qué mongol, этот немец бежит на Елисейские поля вместо того, чтобы оставаться перед клетками",0
когда арабские эксперты проливают свет на ислам 20-го века > во главе с #Саудовской Аравией + очищение Мекки новый… @url,0
@user ptdrrr спасибо левый преф,0
@user @user @user ну точно,0
никакой исламизации Франции нет.,1
"@user Прошу вас заблокировать украденные у африканцев деньги, которые спрятаны в ваших банках… @url",0
"умственно отсталый из Меделина, который убивает спичку",0
"он говорит это, подчеркивая при этом словарь отсталых левых, который окружал нас столько лет.",0
"мигранты не зарабатывают/получают от государства больше, чем п… @url",0
"@user @user Ислам одобряет терроризм и не противостоит ему, то, что делает ИГИЛ, абсолютно не э… @url",1
@user монгольское приложение,1
"@user @user по-вашему, должны ли дети называть друг друга грязными арабами или грязными белыми? забавное образование",1
слишком много внимания уделяется медицинской стороне с хозяевами,0
"и... еще несколько клипов, на которых мне нужно уделить больше внимания. Икс)",0
"@user @user точно так же, как терроризм, потому что ислам — это религия, которая выступает за мир. Пророк саллах… @url",0
тебе не нравятся девушки Ренуа? — ну почему они мне не нравятся? @url,1
"@user ха-ха-ха, но в то же время цисфобии не существует, поэтому он никогда по-настоящему не поймет, что это такое?",0
Новое эльдорадо rebeus c plus mtn Trading — это аэропорт,1
@user @user полностью согласен на призыв! пока он задерживается на темной стороне знака… @url,0
"@user @user исследователь, возглавляющий это исследование, о котором вы, вероятно, не читали, очень точен... @url",0
Откуда приезжает большинство #беженцев? две трети беженцев происходят всего из пяти стран:… @url,0
"@user @user, так что на самом деле, чтобы защитить виды животных, вы обрекаете их на вымирание... @url",0
"@user @user @user штуку в очках однажды подберут мигранты, и она заплачет. Фрэн… @url",0
"rt @user @user @user zohra madame — левый ислам, они смеются только над порабощенными белыми людьми и зимми",0
"так что на самом деле они еще не легализовали аборты, это остается табуированной темой. с другой стороны, мы учимся уже 4 года… @url",0
"к счастью, у меня есть итальянская сторона, которая спасает повстанцев между нами, это слишком серьезно @url",1
"@user @user, на мой вкус, слишком много насилия",0
"Я не левый, но он на 100% прав. это неприемлемо @user рыбе нужно больше @url",0
миграция 59 в пользу мигрантов из Кале @url через @user,1
@user @user @user и вы против ПМА для всех и против абортов. эль… @url,0
"Ренуа оскорбляют вас, чтобы вы упали посреди дорожки для боулинга",1
в любом случае свадьбы в Ренне действительно лучшие,0
"уже куда вы позволяете себе приходить лечиться? и поэтому я предпочитаю Ренуа, в чем твоя проблема? это интер… @url",0
"ты видишь друзей из Ренна на ребе — лол, что это значит, что это все равно большой @url",0
"@user, если ты можешь объяснить мне, что такое крайне правые, без банальностей и левой пропаганды, которая мне...интересна",0
@user @user @user арабы ничего не заимствовали у индейцев в 9 веке!!!,0
"те, кто против абортов, это те же люди, которые за смертную казнь",1
"@user грязный араб, хватит вторгаться в наши страны, насиловать наших дочерей и воровать нашу работу!",1
@user @user интеллектуальный терроризм здесь значил бы: «деколониальное определение расизма исключено… @url,0
"Мне нравится видеть, как EternalFreedom так быстро защищает палестинцев вместе со своими друзьями из Ребеуса и чувствует себя хорошо… @url",0
Это я дебил! Я упал !,1
@user Я не люблю насилие,0
"@user @user городской бобо плачет, потому что 1 корова превратится в стейк на наших тарелках, он... @url",0
1 – только арабские имена.,1
обычный левый маневр: @user пытается отвлечь внимание от #nickconrad с помощью… @url,1
ты топчешь свою мать за «грязного черного араба»,1
"@user Я уже видел это в одном из твоих видео, но не обратил на это внимания, на самом деле это futbin de pes, но лучше :p",0
"@user, ты как будто сказал, что ислам = терроризм",0
"Марин Ле Пен у власти, чтобы закрыть границы, выслать всех нелегальных иммигрантов, убрать документы… @url",0
"@user @user @user, а также скажи: да здравствует национальный фронт, пока ты есть! это... @url",0
"Только в Твиттере чернокожие люди шумят, слава Аллаху, снаружи, никогда не видел, чтобы чернокожий человек говорил грязно по-арабски или наоборот, ага",1
ливерпуль ислам псж терроризм ебать насера,1
Вот что происходит сегодня в наших французских лесах: насилие в чистом виде! ...,0
"Не все Ренуа следуют его рассуждениям, не оскорбляйте его, вы зря теряете Хасанца @url",0
"отвращение отвращение отвращение. но мы должны приветствовать африканских мигрантов, даже несмотря на то, что они богаты и могут… @url",1
"rt лучший друг @user встречается с умственно отсталым ребенком, который любит снег... @url",0
"aubenas (07): демонстрация в поддержку мигрантов в эту субботу, 22 сентября 2018 года, с 9:00 на площади Плас-дю-Мар… @url",0
"мы, черные, повстанцы, хотим их всех искоренить...",1
"@user @user они подразумевают, что все левые бобо, о которых он говорит, — это все исламо-левые люди… @url",0
почему марокканцы и ренны в нидерландах всегда красивы? несправедливость @url,0
"@user феминистка, которая разговаривает с тобой в реальной жизни.",0
"@user, это не меняется только тогда, когда монгол",0
"@user @user это правда, что анчоусы побывали на Луне и изобрели миллионы технологий!",0
@user Быть левым или левым тоже не преступление.,0
@user лол лично я не задерживаюсь в следующем прямом эфире.,0
"@user, ты узнаешь, что это называется пищевой цепочкой, узнай это в школе",0
"@user @user @user если он это сделал, то только ради твоего же блага. левые знают, что для вас хорошо.",1
"@user @user левый, который предпочитает попытаться восстановить последние пути социалистов в фе… @url",0
"@user все еще на эквиваленте: пекари объясняют вам, почему они против абортов… @url",0
негры среди повстанцев за технику это мой лион @url,1
"rt @user, очень интересно, что левые заставляют загрязнителей платить за загрязнение, производимое их промышленностью.",0
"@user @user @user нет, я просто предпочитаю, чтобы ты прекратил использовать свой левый словарный запас (c… @url",0
"@user @user лев не просто ест мясо, даже если это для него самое главное. так спокойно... @url",0
"@user @user, то ваш нефранцузский текст уже ничего не понимает. потом девочкам делают депиляцию воском. э... @url",0
"@user @user ни араб, ни черный, ни мусульманин... это не может быть террористический акт, это анти... стрельба... @url",0
"вчера закончил 1 сезон Каратель. Не думаю, что когда-либо видел столько насилия в сериале или… @url",0
#мусульмане #исламизация #великаязамена… @url,1
"@user ptddrr aym напоминает вам о Ренуа, который хотел продать нам подделки. его звали Мартин ле ублюдок @url",0
"ну после этого я рад, что сделал это, я не буду делать это снова, но птрррр, какой я монгол",0
До тюрьмы общей точкой между террористами является ислам.,0
@user @user лол эти оправдания садись на поезд и приезжай У меня есть время задержаться с минус 16… @url,0
"Зизу, этот грязный араб, я его ненавижу, невозможно, чтобы он думал, что он влиятельный человек или что-то в этом роде, ты не знаешь, что за чушь… @url",1
"@user особенно прочитал документы, подписанные @user @user и Филиппом Леклерком. не задерживайся… @url",0
"Единственная разница, которую я нашел между богатым парнем и знаменитым Дексом, заключается в том, что знаменитый Декс отсталый, иначе это одно и то же дерьмо.",0
"Ренуа и Ребе, которые создают разделение между общинами, должны запереть вас в ГУЛАГе.",1
"так Наулло придет? закончил позицию несговорчивого левого, открытого для культурного разнообразия, и incap @url",0
"@user да, и он тоже не хочет исламско-африканских мигрантов!",1
"@user да, это правда... жители Лиона не расисты, им нравится, как выглядят арабы...@url",0
"к вашему сведению, кучка грязных шлюх из #ede, слово марабут — слово арабского происхождения, а марабути — это… @url",0
@user @user @user а в западных странах очень любят мясо... @url,0
"@используйте логику религиозных людей: против права на аборт, но против ПМА: «мы хотим детей… @url",0
"#lrem и левые выступают против @user, который осмеливается говорить об иммиграции как о проблеме..",0
"@user @user ты и есть раб интеллектуального терроризма, коммунизма, напавшего на меня под… @url",0
какой у тебя тип парня — les rebeus @url,0
"@user @user только по биографии этого парня видно, что он (не)покорный левый",0
"очень классично, что после левого периода восстановление происходит еще более бурно, чем период @url",0
"как будто я отправил тренировку на снимок, парень сказал, что твоя мать грязная арабка, а твой старый певец говорит о ч… @url",1
"Я только что наткнулся на аккаунт в Твиттере, это чертовски безумие, парень - дебил с метлой на голове и с @url",0
Легенда о Дароне Ренуа в коробке действительно правдива,0
Дакар: французские солдаты подрались @url @user @url,0
"@user @user @user ну что ж, если ты их презираешь, это показывает, что иначе ты бы не стал бороться против абортов.",0
"@user @user @user частичное подавление ISF (как сказал Саркози-Фийон, левая налоговая политика... @url",0
"@воспользуйся заботой ребеуса, как и мы",0
"@user, читающая это, вызывает у нее большие вопросы: алкоголь — одно из осложнений насилия над… @url",0
"@user @user @user @user существуют виды, которые не встречаются в природе и без... @url",0
"@user @user, поскольку ты не еврей, ты глупый и грязный.",1
"честно говоря, я смотрел репортажи о Ренуа, которые живут в Корее, они вообще не произносят одну и ту же речь… @url",0
@user да здравствуют повстанцы @url,0
"@user, поэтому для опоздавших - это тот, кто выносит решение, или тот, кто судит, не видя",0
"@user @user @user также может сказать, что нам полностью угрожает вторжение затопления… @url",0
": [@user @user рэпер, о котором идет речь, который, сын мигранта, имеет точно такие же права и даже льготы… @url",0
"домашнее насилие и духовные женщины: домашнее насилие – это, как правило, не… @url",0
@user @user что не читать честно,0
"«3 миллиарда человек на земле, а вы сосредоточены на ком-то, кто еще не определился» Признаюсь, один довольно хорош..",0
"не обязательно соглашаться со всем, что говорит @user, но «антисемитизм – это не просто херня… @url",0
"ptdrrrr, грязный араб @url",0
дебил Морония,0
@user @user @user это действительно позволило признать право на #аборт право на… @url,0
"@user @user @user но сейчас чертова зима, холодно!",0
"есть два Ренуа, она подошла и села рядом со мной, хотя поезд пуст, в чем проблема",0
"Я только что открыл для себя ночной режим Твиттера, я реально отсталый",1
давайте вместе бороться с насилием в наших сообществах,0
"@user @user так много идиотов не понимают, насколько опасным может быть арабо-мусульманское вторжение в Европу.",1
"чертовы бандиты из Ренуа, которые сговорились, чтобы их оскорбили на городской площади",0
и это юридические записи. мигранты приезжают дополнительно. @url,0
"@user Я вижу, что выступать против абортов — значит выступать против свободы женщин? это совершенно не связано… @url",0
"@user арабы критикуют Мессию за то, что он ведет себя слишком по-западному в своей стране о_о, если это не так… @url",0
"что такое левый бобо — парень, который расслабляется перед ежедневной газетой, который слушает «июл» только для того, чтобы выдать себя… @url",0
"@user @user @user @user ах да, правильно, я... не понял твой первый твит",0
"@user @user @user Быть мусульманином не означает пропагандировать терроризм так же, как быть католиком… @url",0
"В любом случае, это никогда не прекратится. каждый ищет для себя лучшего и всегда найдутся мигранты.… @url",0
"@user @user @user Я немного задержусь: что, если вы позволите людям создавать свои собственные про… @url",0
40 лет левой расхлябанности!!!! @url,1
"@user, короче, ffffffffff, я задержусь подольше, потому что ты будешь придерживаться своей точки зрения, а я — своей, так что до свидания",1
"@user @user посмотри на меня, это ребе другие это ренуа с другой стороны белый jsp но это серьезно зависит от девушек",0
"Мне не к кому обратиться, чтобы пожаловаться. сосед вонючий и шумный дебил в администрации… @url",1
лол это монгол #па,0
"#hapsatousy - #zemmour или прекрасная иллюстрация того, что #zemmour осуждает: истерию, диктатуру, террор… @url",1
"ляп мыльная опера (3) Кон Бендит говорит о jlm нормальный антимакроновский теоретик заговора, учитывая его троцкистскую подготовку… @url",1
"@user @user Я вегетарианец и не поддерживаю насилие, вызванное веганским движением, все должны быть свободны, пожалуйста, уважайте",0
"@user @user @user @user ах, ладно, если ты не реной или ребеу, ты не можешь дать… @url",0
когда просит левого поспорить @url,0
многие мигранты также жили нелегально в США @url,0
"@user @user согласен, левый.",0
@user Балканы все делают посредством насилия и дикости. у этих людей никогда не будет внутреннего мира… @url,1
"Журналист снова экстраполирует: «Видит это. Макрон, конечно, не задерживается из-за страха быть допрошенным на… @url",0
"Согласны ли вы с Бернаром Кушнером, который говорит, что «мы должны принимать больше мигрантов» @url",0
@user mediapart islamo - левый? Это полное название или я неправильно понял?,0
"@user jc ap jc просто старые ребе, которых я знаю, в Ренуа расистские, хотя старых в Ренуа это не волнует",0
@user @user маленькие жесты очень маленькие жесты,0
@user @user @user @user @user @user деформация левого бобо... автор... @url,0
"даже будучи левым сторонником мигрантов, я бы зевнул, читая это...",0
"@user, но все же? однажды нам придется провести социологическое исследование левого/социалистического тропизма… @url",0
"так что на самом деле это просто вышло на улицу: «Ты расист, грязный араб? » ? Гренобль потрясающий",1
"мы все знаем, что терроризм носит политический характер и не имеет ничего общего с исламом.",0
@используйте груз мигрантов с Водолея или другого заплатили 14000 евро минимум и вы макрон сорос в… @url,0
"В классе есть девочка, она жалуется на расизм в отношении арабов, но к азиатам относится как... @url",0
@user системное смешивание ислама и насилия является целью... что они используют термин терроризм... это... @url,0
"подтверждение..мигранты собираются в Ируне в испанских гимназиях, ожидая перехода во Францию ​​через… @url",0
"размытая смесь между кем-то, наполненным любовью и насилием, парадокс на пике искусства не ради красоты, а… @url",0
"@используйте теорию глубинного государства, термин, который Трамп не отрицает, заимствует многие каноны антисемитизма… @url",0
"ярый католик, пропагандирующий дикость и исламизацию Европы! его набожный католицизм… @url",1
"@user, ультрарелигиозный человек, ничего не имею против изнасилований! но против абортов!",1
когда у Ренуа нет времени на глупости...,0
"Не могу не думать, что это тот же механизм, что и с фейковым левым и провокационным аккаунтом @url.",0
@user @user @user Я видел размытие,0
"В 2018 году все еще есть люди, которые выбрасывают грязное арабское дерьмо на улицу и считают это нормальным. невежество убьет нас всех.",1
карай матеус а монгол демаис,0
Южнокорейцы не хотят мигрантов! @url через @user,1
"@user jpense он не останавливался на этом, потому что это не заинтересовало бы многих людей (jcoco, мало кто спрашивает… @url",0
"лол, это Ренуа. все церемонии перед свадьбой проходят дома @url",0
"@user @user левый морской коммандос, это грустно",0
"В ноябре в Хурделе солнце светит долго, и тюлени тоже получают от него пользу! @url",0
#Бразилия пример #фейковыхньюс #левых: это сами индейцы убивают новорожденных @url,0
"@user @user это уже лучше, чем исламизация, большая замена неизбежна, так что мы могли бы сделать это… @url",0
"«Я африканец, я вас порадую» @url",0
"Бенсебаини, какой большой монгол, он заслуживает хороших слов. #srfcpsg",1
твой мужской стиль? - чернила? Ренуа и Метис @url,0
"@user @user @user левый... следовательно, гений",0
"забавно, всегда менопауза и мужчины против абортов @url",0
"@user @user Я говорил об этом со своим сыном в 9-м классе... он говорит, что в основном это между черными и арабами... @url",0
"@user @user ах, в этом мире есть всё. нам нужны куколды с двухзначным ци ма... @url",0
"@снова используйте злых белых угнетателей, которые получают только то, что заслуживают. левый софт остался… @url",1
"@user и расизм белых по отношению к черным и арабам настолько стерт во Франции, что даже по отдельности… @url",0
"отличная демонстрация от @user, но стоит ли этому мистеру Жоффрену уделять внимание его торку… @url",0
"@user @user тем не менее надеется, что он совершит насилие над собой, забрав деньги, на которые он может потребовать… @url",0
"@user @user @user @user реальную опасность ислама представляют левые силы, я могу вам это гарантировать",0
"@user, мы арабы в Магрибе-эль-Араби, даже если западная пропаганда гибели идет полным ходом!… @url",0
"То есть вы против абортов? — нет, я за @url",0
Это слепые финские мигранты! @url,1
"@user, если хочешь знать мое мнение, терпеливый Майк должен направить всю свою любовь в форму насилия...",0
она определенно левая,1
"и никого не волнует, что мигрантов пасут как скот???? @url",0
"@user mdrrrrrr ну да, сказал мне, что у тебя много уличных прав, но спроси, есть ли приоритет для ребеу и… @url",0
"@user @user У меня есть цена в городе, но вы можете найти ее на рынке или в арабских продуктовых магазинах/магазинах эпохи Возрождения.",0
"@user @user да, я не понимаю, почему те, кто хочет принять мигрантов, не принимают… @url",0
"вот почему проблема чернокожих и арабов во Франции никогда не закончится, мы слишком разделены, пока есть… @url",0
наза монгол те по на банда ко сека сека кк бойер с…,0
"@user @user @user Я говорю с тобой по поводу протестантизма, ты говоришь, что мы смешиваем многобожие… @url",0
"@user нет диктатуре мысли, нет интеллектуальному терроризму. да, свободе выражения совести и мнений.",0
"он из тех парней, которые попадают в суд за домашнее насилие @url",0
@user @user @user добрые левые слезы,0
"@user @user @user @user они не едят свинину, потому что она убивает их... @url",0
@user @user maniaseries: «4 блока» исследуют жестокий мир берлинских кланов арабской мафии на…… @url,0
.@user выделит 80 миллионов долларов для #беженцев и принимающих сообществ в #Нигере,0
@user e r c,0
": [@user @user @user @user hossam лол иди сюда, продавец верблюдов откажет нам, наконец, ты арабский брат",0
он не задерживается в ССГ,0
"все друзья клары называют меня твоим китайским другом лол, фу, я не чувствую себя таким уж нуком????",0
"@user @user @user @user настолько простой и избитый этот левый термин, который бросается в глаза, как только… @url",0
"@пользователь. когда 16% населения являются мусульманами, процесс #исламизации становится несколько необратимым… @url",0
@user Я самый милый Ренуа в мире..,0
"@user то же самое, мне не нравится видеть людей несчастными, даже тех, кого я толком не знаю, я всегда задерживаюсь… @url",0
"@user, ты действительно веришь или повторяешь что-нибудь, что говорят в Интернете? Этот сайт является антисемитским и конспиративным!",0
"@user pq много ли повстанцев, которые сопротивляются старому?",0
Всемирный банк выделит 80 миллионов долларов для беженцев и принимающих сообществ в #Нигере.… @url,0
какой он — красивее всех бунтовщиков @url,1
@user никаких грязных негров и грязных арабов,1
"Я слишком сильно люблю тебя, чтобы бежать, когда ты смеешься, Ренуа @url",0
@user @user @user @user Это пахнет злыми левыми... конец дискуссии!,0
Первое официальное уведомление Парижа о комментариях Эрика Земмура о мусульманских мигрантах @url @url,0
вчера возобновила приседания по мне как вам сказать что ноги горят хожу как монгол,0
"@user точно xd, ты мой драгоценный друг, я много внимания уделяю таким деталям xd",0
"@user @user @user всех тех, кто говорит, что мусульмане и ислам — это терроризм, так что… @url",0
"@user islam= мир, гора, я собираюсь произнести вам еще одну речь, потому что я уже произнес одну: если есть *терроризм* во Франции… @url",0
@user @user @user @user Wallah Wallah держит цитату из Корана...,0
"ptdr он абсолютно прав, но в серьезных комментариях девушки говорят, что Ренуа тоже ставил… @url",0
@user @user Антисемитизм в наши дни исходит от крайне левых и ислама.,1
"@user, он собирается взять с собой несколько мигрантов?",0
"@user замечает фото, которое может дать чертов сценарий фильма: 4 Ренуа и их кальян Beurette",0
"@user @user он мог бы сказать это этим бедным беженцам, я так думаю",0
@user @user простой пример,0
Беженцы рохинджа молятся в лагере беженцев Кутупалонг в Бангладеш. @url,0
"@user @user @user да, но если арабы проиграли там, а не где-то еще, то это еще и потому, что мы… @url",0
"@user бедность не является залогом насилия, как и богатство. тебе нужно поискать в другом месте",0
"@user @user Теперь я пытаюсь понять. Я знаю, что когда мы говорим, что мы антисионисты... @url",0
"@user люди выросли, уделяя больше внимания этим мелочам, время меняет настоящих, чистых... @url",0
"@user Я рассмеялся, это было прекрасно xd",0
"@user @user часто арабы признают, что Франция прекрасна и что им было бы лучше без французов!",1
"@user, этот парень того же происхождения, что и ты, и ты говоришь, лол, на грязном арабском языке.",1
"@user @user @user #левый, «который #думает»: у него есть только интуитивное размышление.",0
@user и в деревне...или Макрон посадит 72 мигранта в деревню из 400 человек...и куда они пойдут... @url,1
"@user нет, левая национальная тряпка Марианна пишет статью против мехенкона, я раскрываю лелуйя!",1
@user @user спасибо,0
@некоторым не стоит думать об использовании женщины-христианки...,0
@user @user renz гангста самый красивый из всех повстанцев,0
"@user @user 2/2 второе эссе фокусируется на том факте, что в спа-центре также приветствуются и более нетипичные животные. нет… @url",0
"@user @user хм, я действительно не зацикливаюсь на «красивой девушке», а, я спрашиваю, есть ли у тебя… @url",0
"каждый день, ниггер, это пятницаууууууу",0
"Марианна Субре, шоры! только в Нанте эвакуировано и будет размещено 700 мигрантов!",0
@user ты грязный как еврей...,1
"@user, кто этот дебил?",1
"@user pcq снова нацелился на Ренуа, нет, места нет, все, что ты можешь туда попасть… @url",0
@user худшее (извините за друзей в тюрьме^^) это было насилие со стороны прессы и полиции >после<. Это д… @url,0
"@user @user, чтобы сэкономить время, отметим, что именно еврейское лобби контролирует оба:",1
"@user Сразу уточню, что я не исламо-левац и антисемитизм не отрицаю... @url",0
"@user @user вы представляете это как среднее значение, но в пищевой сети это место может варьироваться... @url",0
"@user все люди чувствуют себя мишенью! Тогда это секта? как негры, арабы, учителя...",0
Ливия: более 100 человек погибли при затоплении двух лодок с мигрантами @url,0
"@user @user спасибо за этот диалог. ты не любишь арабов, скажи это ясно. Хорошего дня.",0
"@user замените слово «национальное образование» на «ислам», слово «педофилия» на «терроризм» и слово «профессор» п… @url",1
@user @user @user никто не должен навязывать свою диету... @url,0
"@user au бесполезен, его финансирует Запад, который диктует ему поведение, кризис мигрантов, au… @url",0
"@user @user @user @user ты правда думаешь, что в Даиш всего два ренуа? Боко Харам?… @url",0
"с другой стороны, вот и все, мне не нравится, что ее отправляют в Индию делать аборт, но, брат, аборт ausis, это харам, твоя маленькая… @url",0
"эх, Ренуа пора проснуться @url",0
#европа #франция греция: поток беженцев и мигрантов на континент ускоряется @url,0
"[серия жестоких нападений: слишком много, но мало инцидентов на Корсике] (@url via… @url",1
"@user @user @user @user в мире нет ничего более ненавистного, чем ислам, религия террора… @url",0
"@user @user, так почему же эволюция означает, что у нас есть клыки, если нам суждено есть... @url",0
"@user да, это называется колонизацией и исламизацией нации с одобрения наших правительств, подчиняющихся ЕС.",0
"@user @user это место — символ борьбы с терроризмом, а не с исламом, который ничего не имеет… @url",0
чертовски умственно отсталый,0
"лол, фаллу монгол настоящий сай-сай, посмотри, какую сделку он дает хозяину... @url",1
@user так вот в чем секрет красоты и вечного счастья,1
@user @user @user понравится ли жертвам насилия насилие?,0
"Ислам – это не терроризм... Я имею в виду экстремизм, и он существует во всех… @url",0
"@user, однажды ты сказал, что тебе нравится Ренуа в Твиттере, я это очень хорошо помню, а потом даже в реальной жизни ты… @url",0
"@user @user @user этот вид, где взгляд задерживается и вызывает ласки",0
но они оплакивали серость Ренуа laaaa tema matuidi @url,0
"@user @user @user не имеет ничего общего с крайне правыми, мы должны бросить курить левым, все... @url",0
"#иммиграция #ислам, когда в Германии правят арабские кланы. такая слабость вызывает рвоту. читать. @url",1
Вопрос @user: веганы против абортов?,0
"В Женеве, да... ты думаешь, что мы здесь такие же глупые, как и ты, бедный дебил. нам придется пойти забрать с… @url",1
преступление солидарности с Седриком Эрру в его борьбе за прием и защиту африканских мигрантов в… @url,0
"когда я учился в средней школе, и мне было очень, очень плохо из-за преследований, которым я подвергался, я признался… @url",0
loon-plage: велосипедистка придумала нападение мигрантов. она просто упала с велосипеда. @url,0
"rt @user @user @user давайте набьём левых и дадим им понять, что, играя с нашими жизнями, они",0
Греция. Мигранты продолжают прибывать в Салоники! @url,0
@user @user они хотят этого от хороших маленьких домашних придурков,0
"@user, какой маневр! ну, я представлял это с немного большей жестокостью, лол, все в порядке, оно мягкое",0
"@user mdrr ну нет, ах, я правда не знаю, признаюсь, я не слишком зацикливаюсь на их профиле, хаха",0
"@user нет, родители не были бунтовщиками...",0
у арабов даже не стоит задавать вопрос @url,1
@user wauquiez — левый по сравнению с нами,0
"Если он говорит о том, что он феминист, и о правах женщин, это здорово, но почему ты пришел... @url",0
"Ренуа, его мать, они никогда не платят за такси",1
"#хдеспрос @user приходит к вам на съемку, как любой левый, желающий навязать свою речь. они делают… @url",1
@user @user последователь левых взглядов,0
Под руководством Чингисхана огромная Монгольская империя использовала развитую почтовую систему по всей империи. #uoim2,0
"@user @user и нет, преступлений, совершенных мигрантами, совершается не больше, чем белыми французами. только меньше… @url",0
"@user, они тоже заговорщики против вакцинации?",0
Глупо слишком быстро публиковать информацию из исламо-левой коносферы.,0
Остерегайтесь исламофобских комментариев со стороны левых и правых фашистов. Ислам — прекрасная религия мира и взаимопомощи… @url,1
"@user @user ты думаешь, что твое дело заранее проиграно",0
"@user @user аргумент в том, что черные и арабы заявляют, что они черные, а арабы и голуби г… @url",0
"парень черный, но он все еще говорит, что черные, да ладно, лол.",0
"@user @user так, как будто #мигранты, приехавшие из глубоко гомофобных стран, однажды станут дружелюбными к геям!",0
"@user все мои преподаватели используют правильное имя, а я даже поменял свое имя в секретариате университета",0
"@user @user @user тут нечего понимать, левый есть левый. он может рассказать всё и... @url",0
"@user, с другой стороны, я свободно говорю по-китайски и могу сказать вам, что цзин-чонг ничего не значит.",0
"что убивает, так это то, что даже несмотря на то, что ему надоел Карди Би Валла, кроме его успеха, никто не может поддержать этого большого монгола",1
"по мнению @user, полиция выполняла бы свою работу лучше, если бы среди полицейских было больше арабов и чернокожих… @url",1
"Наги про шариат, который не может не добавить немного промигрантского левого ислама, прямо пропускает это @url",0
zemmour aphatie радикальность одного интеллектуальный терроризм другого... болезнь: идеологии - жертва... @url,1
"rt @user хэштег #pasdevague наконец-то прозвучал похоронный звон по слабой левой идеологии, которая доминировала в течение многих лет",1
Африка слаборазвита,0
"@user они бежали из Испании и нашли убежище в Алжире, но когда прибыли французы, они… @url",0
"@user @user да, давайте вспомним резню в лагерях беженцев Сабра и Чатила, совершенную фал… @url",0
"Лично @user в городе, где я живу, у меня больше шансов умереть от соли, чем от терроризма!… @url",0
"@user ах да, они здесь сходят с ума от этого",0
"@user Я понимаю, почему большинство людей говорили, что я... араб, когда я вел стриминг. такое... излучение... @url",0
@user @user нет нет никакой исламизации.... это фантазии крайне правых....,0
"@user @user цитата руководителя исследования, которую вы, вероятно, не читали: это правда, что... @url",0
@user новое имя в Твиттере! но прощается с прекрасными бунтовщиками :(,0
"#habs два гола — это все хорошо, но если посмотреть на то, как котканиеми работал вчера, и на контекст… @url",0
"@user @user не имеет никакого отношения к тому, что ребеусы в этом деле короли",0
"@user @user, значит, когда ты называешь кого-то грязным арабом, это ненормально, но когда араб называет кого-то грязным белым, это нормально?!",0
обычно в Африке наши лидеры должны использовать 50% диктатуру и 50% демократию.,0
"Мне очень нравится цвет, который я покрасил в волосы, у меня такое впечатление, что мы не так много внимания уделяем лицу, это компенсирует это.",0
"@user @user вы сделали для мусульманской общины рохинджа больше, чем все арабские лидеры вместе взятые… @url",0
"более того, давайте уроки ЛГБТИ-активизма, когда вы состоите в заговорщической вечеринке, которая заигрывает с другими… @url",0
"есть ренуа, это серьезная награда, да, они вытащат вас из «да, нет, Африка заслуживает того, что с ней происходит. л… @url",0
"@user приветствует 58 мигрантов, это бесконечно, это потребует прибытия других мигрантов, и вы это прекрасно знаете… @url",0
"заткнись, большой монгол, вернись и пиши в Твиттере всякое дерьмо @url",1
"@user установил @user, пожалуйста! Я никогда не могу сказать этого достаточно. это приложение против киберпреследований.",0
"каждый день, ниггер, сегодня пятница",1
"Итак, несколько советов мигрантам, которых собираются депортировать и которые едят нутеллу @url",0
"Мюриэль Робин рассказывает о своей борьбе с домашним насилием, которое стало очевидным после роли Жака… @url",0
"больше нет террасы, больше света...беженцы в подвале в состоянии определённого беспорядка, который мы держим, несмотря на… @url",0
"вы думаете, что ребе и ренуа действительно любят друг друга?",0
"зашел в магазин Nespresso ptdr парень спросил, купил ли он кофе для отеля он увидел два Ренуа… @url",0
"новый yeezy, она воняет бабушкой, это для ренуа, для ребеусов, для членососов и тех, кто следит за модой",1
@user @user не имеет ничего общего с терроризмом или исламом!! Это сумасшедший человек расплавил кабель!,0
"@user @user @user да, я согласен, что это анти говорят о грязных деньгах или, скорее… @url",0
"rt @user 'ching chong'' это по-китайски значит ""привет"", нет?? @url",0
"@user @user Я по-прежнему скептически отношусь к очень четким решениям, если мы не полностью концентрируемся... @url",0
"@user Кале насилует мигрантов и даже нападает на жителей, которые приходят им на помощь, из-за этого жители покидают Кале",0
"@user @user говоря об африканских врачах, работающих во Франции, было бы справедливо отметить, что среди всех… @url",0
и я фокусируюсь на мелких деталях,0
"@user @user @user @user @user ну, очевидно, среди ужасов есть Ренуа… @url",0
"@используй этих детей, черт возьми, твоя шестерка ци, невероятно, как ты задерживаешься",0
"@user @user Я абсолютно не против абортов, но особенно за контрацептивы… @url",0
"@user @user спасибо вам обоим. Я только что узнал, что я антисемитский националистический теоретик заговора… @url",0
"@user, ты утомлен, так что скажи заткнись, грр, черный парень перед ним, нормальный, носит футболку, кучу фальшивых дрч",0
"@user, наконец, я говорю, что общеизвестно, что я турбо-левый. но даже тогда это всё равно… @url",0
@user @user @user @user Я левый либертарианец и не очень ортодоксальный католик... @url,0
"Асмар рассказывает мне историю о mparl, как дебил е c tro ******",0
"@user @user он расист лол, он хочет поговорить о Ренуа и плохо отзывается о женщинах Ребе",1
"@user ну да, но повстанцы, которые очень ненавидят Ренуа иен + что Ренуа я нахожу",1
@user @user @user это ты говоришь об унизительных левых взглядах. не я. у тебя это ассоциируется... @url,0
"заговорщик-антисемит и анти-Трамп... кто является автором стрельбы, в результате которой погибли одиннадцать человек... @url",0
"@user, есть также множество африканских стран, которые не находятся в состоянии войны, и которые могут их разместить. прежде чем это умрёт… @url",0
"Возможно, этот парень умственно отсталый, но то, что он говорит, на 200% правда @url",0
"@user @user @user @user если вы согласны с собой, это значит, что вы против абортов.",0
"ты немного левый, но мне нравятся твои твиты и твои ретвиты — я не знаю, что сказать @url",0
"rt @user, в классе есть девочка, она жалуется на расизм в отношении арабов, но называет азиата чин-чо",1
Я грязный араб,0
он отсталый??? @url,0
"@user marsault, когда он вернется, я ожидал бы заоблачного уровня насилия, потому что этот парень уровня… @url",0
города солидарны #сбеженцами,0
"@user @user, возможно, мне пора заняться этим",0
"@user @user @user @user @user здравствуйте, я левак и просыпаюсь... @url",0
"идея о том, что есть 1 еврейское лобби, классика крайне правых, теперь отклоняется под аватаркой лобби… @url",0
но что значит жизнь Ренуа в разлуке с этой любимой... печальная история,0
"@user В твите, подобном статье, не особо говорится о том, что может измениться, если появится европейец… @url",0
"лол, сдержанный ребеус знает, что они не волнуются @url",1
"если бы нужно было описать, какую иностранную нацистскую полицейскую армию имплантировали в центр для беженцев и пробуют тайный гипноз… @url",1
"Североафриканцы, которых привлекает Ренуа, как и ЛГБТ, обязаны требовать этого.",1
@user @user веганы против абортов?,0
"@используй сладкое и соленое, это отвратительно",0
"@user Мне действительно нужно было это услышать, спасибо, чувак!",0
@используйте свидетель отпечатка почти трехсотлетнего совокупного существования Монгольской империи и Золотой Орды.,0
rt @user логика левого #npc #npcmeme @url,0
@user @user Мне не нравится ребеус,0
"@user @user @user @user да, и тогда в чем проблема, я процитировал Индию... @url",0
"@user @user @user Уверяю вас, я белый и в Штатах я стал жертвой в самолете... @url",0
"имхо, ребеусов будет меньше, чем на некоторых текущих строках ratp @url",1
"@user @user если ты считаешь, что это природа, я думаю, ты, конечно, против абортов?",0
"@user вау, я не знаю, как ты это делаешь, но ты заставляешь мое сердце биться быстрее, останови этого чувака, я очень стесняюсь ;v;",0
"@user и ненавистные бунтовщики Ренуа существуют, нравится вам это или нет. Я не могу отрицать это ради тебя",0
"но у американских ренуа столько же связей с Африкой, сколько у белых американцев с Европой.",0
сай чуме монгольский,1
"@user @user @user тем более странно, что Флавий Иосиф остался евреем до кончиков ногтей.",0
"@user @user @user ах, ладно, я не обращал внимания на учетную запись. Думаю, я просто… @url",0
"@user Я клянусь тебе, как будто я говорю: «Ну нет, мне все нравится», она говорит: «Нет, я думаю, это Ренуа, я тебя вижу… @url",0
"Комментарии @user Zemmour неприемлемы, но он говорит о «грязном французском» и «Я больше француз, чем вы… @url",0
"@user @user мы должны остановить глупый и гуманно-левый дискурс, заключающийся в импорте гу… @url",1
"@user, это в видео, очевидно, это больше говорит о том, что он спонтанный, но это показывает, что он немного от монгола в группе",1
"@user @user какой позор, несмотря на то, что @user в июне 2017 года самопровозглашенное домашнее насилие упоминает об этом… @url",0
"Я думаю, @user против абортов хуже, чем против транссексуальности",1
"@используй насилие, лол, тебе придется подвергать цензуре свои твиты",0
#Высылка #мигрантов в страну происхождения: Меркель довольна собой после визита в #Алжир. Давайте рассудим… @url,0
@user Я не останавливаюсь на этом вопросе. суммировать стоимость единственной твердой части проекта = 100 млн евро с… @url,0
"Ребеус, которого он добился в университете благодаря бороде",0
"@user @user грубо говоря, уйгуры — это тюркский (или тюрко-монгольский) и мусульманский народ. конечно… @url",0
"примерно 4 встречи в 14:00, никто еще не встал с постели, сейчас 14:17, Ле Ренуа",0
"@user, но, черт возьми, я даже не против абортов, я просто уважаю право некоторых людей не хотеть этого… @url",0
"Прослушивание этой песни целиком позволяет почувствовать арабское влияние благодаря звукам, используемым на заднем плане.… @url",0
"@user скажу тебе, что я пытаюсь сделать из себя мем, я умственно отсталый",1
"Кевин дерется со всеми усатыми повстанцами, чтобы лучше морщить берку #правда",1
"возможно, те, кто издает ненасильственные указы, относительно защищены от насилия. но кажется… @url",0
"Я умственно отсталый, я только сейчас понял, что День всех святых так называется, потому что это праздник всех святых.",0
@user грязный арабофильский еврейский день зарплаты возвращается на кухню!,1
@user @user левое воспитание ребенка-короля...,0
"@user ультраправые у власти («полицейские режут подошвы детям-мигрантам, лгут о возрасте для депортации…»)… @url",1
"@user @user Меня это не особо беспокоит, не уверен, что буду на этом останавливаться, и все же я фанат бато",0
"выплесните на идентитаристов, которые думали, что наткнутся на тупого негра вашей матери @url",1
"ребеус с пп месси и тетрадью смерти это говорит о тебе, блохи @url",1
"@user @user сукины дети, когда им не нравятся негры или арабы",1
@user @user лол. ты такой милый,0
эта работа #французского #художника для #беженцев - огромная фреска на лужайке жемчужного озера в… @url,0
"Датская партия, которая хочет изгнать «мусульманских мигрантов, злоупотребляющих социальной помощью», быстро растёт @url",0
более 60 городов уже сказали «да» помощи беженцам. и… @url,0
"говорить об арабо-мусульманском рабстве чернокожих, которое до сих пор существует, никакой Ренуа об этом не говорит, а… @url",0
"@user @user @user Это не мешает нам реагировать пропорционально на насилие, причиненное нам.",0
"математические вычисления с арабскими цифрами можно решать, но с… @url это не так просто",0
"@user В Тулузе да, на улице полицейский участок и больше, чем просто грязно-черный или арабский слух...",0
"@user, забудь, это головы, это Ренуа все делают",0
"бороться с насилием в отношении женщин, способствуя его росту...… @url",0
@используйте хорошие новости для беженцев и прав человека,0
"больше всего нам противно то, что нас беспокоят мигранты, соискатели нелегальных документов (которые живут… @url",0
"нам, Ренуа, ты просто скажи нам что-то, что нам не нравится, иди и расскажи тебе всю историю Франции.",0
"с другой стороны, Ренуа или люди смешанной расы с веснушками безумно очаровательны @url",0
во всех слезах сохраняется надежда.,0
"@user, вот что происходит, когда на твоей стороне левая пропаганда третьего мира и мизерабилизма… @url",0
"давайте поддержим немецких патриотов, которые, как и мы, борются против исламизации наших стран и разрушения нашей… @url",1
"короче влюбиться в меня никогда не поздно, на данном этапе я принимаю всех, но особенно Ренуа… @url",0
"Какой у него стиль парня? — она предпочитает Ренуа, но если блондинка с голубыми глазами, ок, ты тоже должна быть смешной… @url",0
"@user ptdrr, все ваши Ренуа де Шатле, они прибудут на балу",0
"@user, но если вы веган, но едите неместные продукты (кофе, бананы, орехи... @url",0
"нн, кто меня пошлет — ну пришлите дм, я не знаю, кто это монгол @url",0
@user @user @user @user @user высказывает свои наблюдения. готово . попробуй разобрать… @url,0
@user мой учитель использовал твою фотографию для урока насилия в школе ptdr (маленькая жертва) @url,0
— Африканская пословица,0
Франция: в следующий четверг в книжном магазине сопротивления: «Потерпевшие кораблекрушение. одиссея африканских мигрантов Этьен дю… @url,0
"@user @user да, но у меня такое впечатление, что чернокожие из Африки – это только выходцы с востока.",0
"@user нет, я так не думаю. Вы видите это во многих командах. даже он не зацикливался на чел… @url",0
"На вокзале есть старик, который оскорбил меня, назвав «грязным арабом», но я вовсе не араб.",0
"@user @user он только что доказал тебе, что мы на вершине, и ты подтвердил это, большая лапа",0
на женщину нападает и оскорбляет грязный араб. Конфронтация с человеком в полицейском участке. полицейский сказал ему… @url,0
"@user атаковал автомобилистов (и, следовательно, производителей) с редкостной жестокостью. и е… @url",0
"@user, когда уже невозможно установить доверительные связи с учреждениями, насилие не допускается… @url",0
@user спасибо,0
где повстанцы Лиона,0
"@user, он умственно отсталый, правда, вы помните, как в 2015 году было использовано много возможностей в матче с «Ювентусом»… @url",1
"ахаха, он твердо верит, что авиалайнер делает пируэты, что за гигамонгол @url",1
@user @user @user левый антирелигиозный в целом или крайне правый антиисламский в целом (для… @url,0
"Все в порядке, я вот так сжал хватку, ты меня напоил",0
"@user @user @user @user @user @user это безумие, как бунтовщики кв… @url",0
"@user @user @user @user @user сделай все, я настоящий левый",0
начнется снова @user Арабская работорговля охватывает период с 7 века по 1920 год. e… @url,0
@user @user @user о да? и это что такое? @url,0
"@user, твое беспокойство обоснованно. За 40 лет политики изуродовали нашу страну. левая идеология… @url",0
"@user @user получил такую ​​жертву вида, чтобы не убить и не съесть их. это для этого... @url",0
@user @user ты всё неправильно понимаешь. он не призывает африканцев французизировать свои имена… @url,0
"@user @user @user @user @user далеко не левый, я продолжу, не виню тебя… @url",0
"уроки французского на ютубе невыносимы, 3/4 видео - парни, с тобой разговаривают как с умственно отсталым",0
"@user, не только арабы спорят",0
"ах да, ты против абортов, ты знаешь, что такое вазэктомия",1
"@user, но какая большая монгольская корица, что это?",0
@используй снова левую позицию бобо..,1
"Исламо-левый, которого можно избрать только тогда, когда коммунитаризм в большинстве! @url",1
"Саске глупый, но Наруто умственно отсталый, так что Саске @url",1
"@user @user 2/2 хищников тоже едят по вкусу, узнайте, что кошка - это... пример... @url",0
"@user @user @user поддерживают фахосферу, которая является более конспиративной и забавной концепцией либерализма.",0
@user @user @user чушь!,0
"закрой свой рот, сука, своими арабскими песнями, если хочешь так жить и т. д., иди домой, во Францию ​​#udpp",1
"@user, не зацикливайся на этом!",0
"@user есть Ренуа, но не все Ренуа, они разные, не у всех одинаковый менталитет, и тогда я не понимаю, в чем проблема",0
называние вашего ребенка Мухаммедом не поможет ему интегрироваться.. это форма интеллектуального терроризма... @url,1
"@user @user почему очень богатые страны, такие как Саудовская Аравия, Катар, Арабские Эмираты и т. д. не… @url",0
"@user @user У меня есть только этот экран, а то он много раз режет арабский, в этом нет ничего ироничного",0
"@user c ясно. они хотят быть ребе или ренуа, чтобы добиться успеха в подборе девушек, но в остальном они… @url",1
"@user @user знает, что 85/90% мусульман — сунниты, поэтому да, он приравнивает ислам к терроризму",0
"Я почти подала заявку в магазин одежды, но подумала о гардеробе небинного левого бобо… @url",1
"Я не понимаю, почему вы считаете людей, выступающих против абортов, дебилами, это простой спор… @url",0
"@user до тех пор, пока взгляд задерживается на твоем теле",0
"@user @user attali, который сравнивает евреев с мигрантами. это легитимизация насилия против людей, настроенных против иммиграции.",0
"мы должны отказаться приветствовать «Водолей», который наверняка перевозит ложных мигрантов… @url",1
"@воспользуйся прекрасным музеем, в котором будут спрятаны имена палачей! единственный известный нам терроризм имеет имя: Ислам",1
"однажды нам придется задаться вопросом, насколько насилием является то, что однополые семьи теряют свои интересы… @url",0
"@user @user @user Какая разница в цифрах, а? три тысячи мигрантов или три миллиона мигрантов… @url",0
"Я вегетарианец, и вот что знакомство с монгольским заводчиком заставило меня понять об экологии @url",0
"но им по-прежнему нравилась атмосфера, сохраняющая свою индивидуальность и жестокость рисунков Рипа. :)",0
"pq Я вижу в Штатах Ренуа, он прыгает в воду в носках и все такое лол",0
Неужели это насилие невероятно? @url,0
@user никогда я не левый,0
"@user @user да, это трудно понять в 16-м Парижском интрамуросе, когда единственные каникулы... @url",0
"Меня бесит, когда они смеются, что им нужно пробежать 200 метров @url",0
@user @user @user Ислам – это не терроризм....все мои террористы исповедуют ислам....Исламские нападения....,1
@user рост насилия пропорционален прибытию нелегальных африканских мигрантов во Францию. Париж е… @url,1
откройте для себя солидарность бурундийских женщин в #burundi. ассоциация борется против #сексуальногонасилия… @url,0
@user #остановим заговоры #остановим войны экономических и политических интересов #остановим макиавеллизм.… @url,0
rt @user @user @user @user @user Я левый либертарианец и не очень ортодоксальный католик,1
"@user @user вот так можно сказать, что это из-за Ренуа Го БСХ",0
"Лучше, чтобы я больше не останавливался на некоторых людях на самом деле",0
"@user спасибо Тео, он же Безмозглый, известный под псевдонимом самый красивый из всех ребе..",0
сегодня первый раз в жизни назвал меня грязным арабом на улице это пошло к черту,0
"Я элементарный левый невежда, отрицающий историческую реальность.",0
@user @user животные убивают друг друга #jdcjdr,0
@user @user @user Ислам самым четким образом запрещает терроризм:,0
"@user не могу себе представить, как ты только что сделал мое начало дня еще красивее.. спасибо ^^",0
"@user, это хорошо, ты принуждаешь грязного араба",1
"а иранский президент во время своего ежегодного выступления в ООН будет жаловаться на опасность терроризма вместо того, чтобы быть… @url",0
"@использование аборта не обязательно травматично, с другой стороны, это не принудительная беременность... еще раз... @url",0
@user @user за намаз проголосовали только арабские капитаны,0
в Израиле африканские мигранты чувствуют себя жертвами «расизма» - @url @url,0
@user @user они даже не заслуживают внимания... Я не собираюсь быть единогласным в этом вопросе... @url,0
умственно отсталый,0
"арабам почти удалось убедить вас, что в кокаине есть кокаин и что с этим напитком Израиль строит заговор",1
@user @user все еще придерживается этой антисемитской теории заговора...,0
@user Монгольская империя и Орден Убийц,0
Макрон объявляет о создании мемориального музея жертв терроризма @url через… @url,0
"@user @user @user @user в этом проблема с ренойсту, скажи правду, это проблема",0
rt @user Партия Меланшона осуждает визит 185 французских боссов в Израиль Реннское отделение исламо-левой партии,1
"@user ну, если они говорят, что они не французы, значит, они мигранты? поэтому мы должны изгнать их!",1
@user @user Монгольская империя,0
"@user Я всегда был против абортов, для меня это вопрос совести, жизнь священна, ри… @url",0
"@user нет-нет, тоже не злоупотребляй, я алжирец и очень этим горжусь. но я отдаю предпочтение Ренуа.",0
@user текущий монгольский,0
"Париж: семьи жандармов выгнали из казарм, чтобы освободить место 150 семьям мигрантов! @url",0
"дальше вы говорите, что не можете встречаться ни с кем, кроме Ребе, и вдруг индейцы и Ренуа… @url",0
"@user @user ты не понимаешь, если ты не хочешь это есть, тем лучше для тебя, мс, оставь ls... @url",0
Вы за или против абортов?,0
"браво директору #lejouroujaibrulemoncoeur, который включил #антисемитские #преследования в фильм «#грязный #еврей». реальность.",0
@user уже 40 лет разглагольствует: (африканская) иммиграция – это возможность для Франции! результаты… @url,1
"@user @user о боже мой, нет, это не высшая блокировка @url",0
@user @user Все началось не так уж плохо и закончилось иллюзиями против заговора… @url,0
"птдрр, о чём опять говорит этот медлительный парень? он говорит о моем районе так, как будто это анархия, я плачу @url",0
"какой брат (он пишет ребе лучше, чем ребе) @url",0
"@user @user и мусульмане — это обширная религия, завуалированная терроризмом, записанная на основе языка ислама… @url",1
"чем больше он тратит времени на получение докторской степени, тем меньше он публикует, тем больше он приближается к маргиналам системы. но это продукт… @url",0
"давайте законно ответим @user, что рабство, совершенное арабами, датируется 860 годом, а не 1950 годом, и что все… @url",0
"принимайте меня, как хотите, но безумие девчонок-ребеус во Франции — это действительно самая отвратительная вещь… @url",1
новый - берн: 1500 человек на марше против абортов - #suisse #ivg #avortament #bern #ber... @url,0
@user @user но о каком переходе ты говоришь? что все станут веганами? почему ты... @url,0
"@user показывает, что он действительно левый худшего толка.",1
"@user @user @user все коммерческое, следовательно, левый уклон?",0
"кто такой Озил — монгол, который придумывает мне жизнь @url",0
От Шатле до Северного вокзала вы встретите только Ренуа/Тисмеса в спортивных костюмах + блондинку,0
"@user @user @user Я уже забыл, что левые любят эмоционализировать дебаты (грустно не грустно, хорошо, не хорошо)",0
"@user Я отписался, когда увидел эти странные твиты об арабах, но в тот момент… @url",0
"@user посмотри, как он плохо говорит, это точно",0
"@user и подарите это врачам-гинекологам, которые против абортов, с лозунгом «вы хотите… @url»",0
"в 2018 году в Швейцарии (и вообще везде, если на то пошло) все еще есть люди, выступающие против права на аборт… @url",0
@user настоятельно рекомендует нам сосредоточиться на специалистах по водному поло и клюшке. это две великие страсти… @url,0
"@user, если бы ты сделал такие обобщения о Ренуа, это бы назвали дискриминацией, а ты… @url",0
"во Франции просит военных беженцев, изгнанных во время геноцида в Руанде, «французизировать» свои имена и фамилии… @url",0
"лол ренуа, который ничего не говорит 69, как вам не стыдно",0
"@user повстанцы, ты трахаешь их сестер, они в замешательстве",1
"@user @user @user @user Я совершенно не прочитал то, что вы сказали, и собираюсь потратить время на д… @url",0
"блин, но какой монгольский @url",1
"@user Я поддерживаю тебя, grv, откровенно говоря, сила говорит с тобой о ребе и арабах, но сам по себе ты… @url",0
@user @user играет словами. Французская колониальная история делает нас арабами и… @url,0
"ну, пункт совести врачей, особенно против абортов, — это право вето Людовика XVI. я… @url",0
"@user сообщает поздно, но такие воскресные дни заслуживают внимания. очень красивая фотография !",0
@user поздравляю с 35-летием моего любимого левого ^^!,0
"вторжение, которое мы переживаем, заключается в том, что из туристов этот человек - левый историк @url",0
"@user @user ах, левый... любовь к дебатам, интеллектуальная честность! :) @url",0
"Простое наблюдение: Европа подвергается вторжению, оккупации, исламизации и великой замене. пароль… @url",0
"@user, ваш ответ здесь =i> преданный писатель и блоггер. в освобожденном - феминистская борьба должна быть выиграна… @url",0
"@user @user непсихофобия – это когда клеймят психические заболевания: говорят, что кто-то умственно отсталый… @url",0
@user @user Возвращаю Вам совет о достоверности информации. В насилии каких-либо… @url не сомневаюсь.,0
#Гватемала: сторонникам расширения #абортов пришлось принять решение снять статью из предложения… @url,0
@user @user это хорошо известно,0
Париж: 16-го числа откроется центр размещения беженцев @url via @user… @url,0
"Кажется, приятно не быть грязным арабом @url",0
"@user Я бы хотел, чтобы мы сосредоточились на твоей голове, это просто великолепно",0
@user @user ренн ....левый город с 1977 года без перерыва,0
"@user, боже мой, я не был к этому готов @url",0
между Вальсом и Мексикой Франция теряет..... на самом деле не так много. Изгнать беженцев мы можем. @url,1
@user /o Я не знаю. Я не понимаю. У меня это было до сих пор. собирается снова принять все это насилие обратно в лицо. #усталость,0
"@user Я советую Фрэнсису Валлату, чтобы каждый член его ассоциации приветствовал мигранта в своем доме. мы… @url",0
"@user @user ps но она усвоила все, что говорила, говорила по-русски, пусть идет ps мимо… @url",0
"@user @user Когда я был ребенком, мой лучший друг был евреем. Я узнал об этом только тогда, когда об этом упомянул житель Северной Африки… @url",0
@user @user @user спасибо за подтверждение моих слов,0
@user @user как ты смеешь писать такие вещи? так что в основном об этом просят арабы… @url,0
@user @user но это никоим образом не оправдывает оскорбления или притеснения,0
"Арабские ежедневные газеты на суданском арабском языке, вторник, 25 сентября 2018 г. @url",0
нежная и цивилизованная любовь Rebeus JVS,0
"@user Я умер в детстве, даже если в их головах есть какие-то единичные случаи, как только встретишь на улице повстанцев, сразу получишь… @url",0
"@user вау, я собираюсь разбить тебя, джиджи, ты так говоришь, ты, который любит насилие, сломай тебе большую картошку, иди",1
@user и вице-президент занимаются этим с 1930 года; «мы совершили войну»; но не зацикливайтесь на роли… @url,0
"@user, это все равно грязные арабы, я все равно хочу дать им пощечину",1
Лично я бы приветствовал одного мигранта на каждого депортированного Ника Конрада.,1
@user всегда ты заходишь слишком далеко,0
"МБЗ во главе Объединенных Арабских Эмиратов средств. mubadala, его впечатляющий фонд национального благосостояния и множество… @url",0
"Европа — это не меню à la carte, запускает Макрона в страны, которые отказываются принимать мигрантов @url",1
@user за или против абортов?,0
волны ренуафобии меня пугают,1
"за открытие порта Ниццы для «Водолея» и лодок, доставляющих помощь беженцам",0
"@user если арабы говорят тебе, что мы виноваты, то это точно мы виноваты",1
"посмотрите на этих дебилов, птн не в дерьме на 2019 год... @url",0
"@user, но абсолютно точно! вы видите, насколько велико мое сердце даже по отношению к беженцам… @url",0
"@user @user ты знаешь, почему это выше? потому что завтра развлечений уже не будет... @url",0
"@user, они только думают, что ты левый и феминистка? бедные люди",0
"марокканцы спорят с монголом, который считает, что Португалия находится в Северной Америке, jsp cmt vs может удержать jlaur… @url",0
@user наконец-то я вернусь... какое насилие сегодня утром. Разве ты не выпил кофе? @url,0
(Charente Libre): #Италия принимает закон об ускоренной высылке мигрантов: Совет министров Италии… @url,0
"@user @user @user @user ? какая форма насилия? Я просто задаю вопрос, чтобы узнать, что… @url",0
"Германия: Арабские кланы создают закон. полиция решила не реагировать, чтобы с ней не обращались как с… @url",1
"@user @user тебе нравится вкус мяса плотоядного животного, вот и все.",0
@user @user @user @user @user сними шоры! насилие затрагивает и отцов… @url,0
"@user, когда появятся еще ягнята для помощи, как ты собираешься поступить с грязным арабским бородатым террористом, который кричит на всех… @url",1
@user @user @user реальная история вторжения-исламизации берберов арабами? не мечтай...,0
@user @user Я левый и вообще не признаю нас левыми... @url,0
@user Я ненавижу Алена Сораля. он манипулятивный заговорщик-антисемит-расист,0
Насилие в Триполи растёт Франция требует санкций против ополченцев | Reuters @url,0
"вчера я разговаривал с левым интеллектуалом, который сказал мне: мы должны признать, что сегодня только одна религия p @url",0
"@user @user оскорбление называет это оскорблением. в грязно-белом, грязном арабском, грязно-черном… @url",0
"@user нет, по-моему, ты не посещал карту и не гонялся за ней и все такое. ты скорее сосредоточился на при… миссиях… @url",0
"@user @user @user @user да, я мать. и никакого насилия в моем доме. никогда. насилие… @url",0
@user @user @user @user lr — левая партия. Встреча Лорана Вокье и Ангелы Меркель доказывает это.,0
"лучше, чем Тьяго Месси, все, все кончено, он крутой, лучший гитарист века, это он, он @url",0
"этот образ невыносим! после этого как мы можем еще выступать против беженцев и мер, принятых в их… @url",0
"@user Я видел ваше видео и настоятельно советую вам установить приложение @user, которое борется с киберпреследованием.",0
"@user @user, кстати. если вас действительно заботят условия жизни людей и если у вас есть п... @url",0
@user @user @user оуууин бб,0
"@user, например, вы хотите помочь делу ребеу, но боретесь со своим братом-ребеу, у которого другое мнение… @url",0
"пока вы наслаждаетесь вкусной #едой, тысячи детей и #беженцев страдают от #голода и… @url",0
"почему левые феминистки и ЛГБТ или сторонники ЛГБТ, но хотят приветствовать и интегрировать ислам во все… @url",0
"@user, о чем ты говоришь, говорю тебе, тебе не стыдно говорить «получерный», а не «полупакпак-ретард»",0
"он против абортов, когда говорит о некоторых вещах, он сказал мне, что хорошо, он предпочел бы сделать аборт, чем аборт в… @url",0
"Франция – аутистка, или глупая, или наркоманка. Я больше не могу знать. @url",0
"вопрос простой, что творится в головах некоторых ренуа я смотрю не понимаю, чего я требую… @url",0
"@user @user @user давайте не будем забывать, что многие евреи нашли убежище в Магрибе в это время… @url",0
@user Это не привлекает повстанцев,1
"@user @user @user @user ты предпочитаешь свободное насилие себе. мы предпочитаем, чтобы это закончилось… @url",0
"Перечитать рекордный бюджет | Эвакуация из-за дождя | меньше запросов, но больше беженцев @url",0
Кто хочет на неделе съездить на китайский?Очень хочу... ноич,0
@user много мигрантов также приезжает из англоязычных и других стран. существует дисбаланс между… @url,0
"@user wa fik ну, для идиотов, которые это слушают, это довольно просто: рэп=пригород=иммигранты=араб/черный=ислам=терр… @url",0
"@user лично мой взгляд все меньше и меньше задерживается на такого рода покрытиях. Я думаю, мой… @url",0
"Ренуа много обманывают, белые обманывают лучше. лол вау вау позволь мне рассказать тебе",1
"@user @user во время этих саммитов напоминают, что африканцы и индонезийцы больше не должны экс… @url",0
"Между ловушками для посылок, устроенными Сезаром Сайоком, ультраправые могут критиковать левый демократический электорат ame @url",0
"ах да, и французская пресса будет продолжать объяснять, что араб, кричащий «Аллаху Акбар» и убивающий неверующего, — это не… @url",1
"rt @user @user @user @user @user @user здравствуйте, я левак и потом просыпаюсь",1
"сравните #Холокост #евреев и #вторжение #мигрантов, которые составляют большинство #экономически… @url",1
убийство подростка: «Канадские СМИ предпочитают защищать беженцев»: @url через @user,0
Питтсбург: яд антисемитизма снова убит (pcf),1
Ежедневные строки Акрама Белкаида: споры вокруг арабских имен не являются чем-то новым под солнцем... (iht… @url,0
@user как обычно!! бедный малыш!!! в Африке нет выборов?? ты видишь… @url,0
"rt @user, когда видит кровавую бойню любимого левого радикала Мадуро Меланшона ude4c @url",1
"@user @user @user ты понимаешь? солдаты в постели, которые бьют все соседние арабские страны. уважать !",1
@user демонстранты #idleb и #aleppo являются символом мужества сопротивления и стойкости… @url,0
"@user Я уже знал ее немного раньше, но не вникал в это, и видео лол меня очень взволновало",0
"@user Я не понимаю, это ужасно. такая милая собака. Я устал от человеческого насилия. должен убить газ.",0
"@user @user Я сейчас нахожусь в Америке, учусь в старшей школе и с начала года... @url",0
"@user У меня... есть небольшая идея, но я назову себя левым...",0
"@user @user «отказать» этим мигрантам «в праве на убежище на том основании, что они будут… @url",0
#assises du gard # адвокат семьи жертвы подчеркивает чрезвычайную жестокость нападения. девяностолетний фр… @url,0
"типично для Ренуа, лол, когда они проигрывают битву, это становится скандалом! отойди @url",0
"@user Сунниты разрешают убийство, педофилию, полигамию, насилие в отношении женщин и т. д. во всех странах… @url",1
интеллект отсталого подростка!!! @url,0
"@user Я чисто берберского происхождения, у меня чисто арабское имя и фамилия! Это значит, что все надоело.",0
rt @user @user @user мдрррр. ты такой милый,0
@user @user @user @user лол старая добрая левая тактика! ответить вопросом… @url,0
"@user @user хочется плакать (правда) у тебя еще один вечер, люблю тебя",0
"@user ... терроризм — это образ действий, технический процесс, который сам по себе не несет никакой идеологии. может… @url",0
"кто такой монгол, который это делает? нет подписи... @url",1
@user @user @user почему полу? ...помощи никогда не бывает слишком много.,0
"ух, со мной только что случилось что-то безумное, я шел домой, когда передо мной двое Ренуа угрожали электрошокером… @url",0
"@user Американские евреи поддерживают Трампа, они встревожены тем, что СМИ замалчивают ненависть к… @url",0
@user эта техника предназначена только для родителей Ребеуса,0
"@user bobo islamo по-своему левая феминистка, по крайней мере, признай, что ты хороший, здравомыслящий педик ^^",0
"~не зацикливайтесь на деталях, иначе вы рискуете упустить то, что перед вами~",0
"нет-нет, скажи, что бедные левые болячки уже подчинились исламу...",1
"@user Я недостаточно долго слушаю его альбом, пойду послушаю еще раз",0
"@user @user Боюсь, это его страх, что его назовут фашистом. но это уже рассматривается… @url",0
какие дебилы @url,0
@user @user @user нет времени! правительство уже достаточно занято мигрантами из Африки и ислама!,0
"тогда фильм называется «Богемская рапсодия», но в фильме очень мало затрагивается концепция этого музыкального шедевра",0
@user @user @user Я тоже спрашиваю,0
Я левый даже в мастурбации,0
"@user Я слушаю его сегодня вечером. Я сосредоточился на том, что было на взлете, и на том, что было в метро, ​​в сотрудничестве с 21savage и Трэвисом Скоттом.",0
#lfauit @пользователь должен увидеть #mongolian,1
"@user @user @user речь идет о приеме мигрантов, как и о культуре, эти два требования… @url",0
@user @user @user назвал меня грязным арабом. грязно-белые тоже.так что не знаю где… @url,0
"@user @user каждый год от голода умирают миллионы людей, но ты хочешь, чтобы все осталось гнилым... @url",0
"@user trop negro, мы тоже не рады его найти. спасибо, автор текста",0
@user 1 монгол,0
The au «ошеломлен» комментариями Сальвини об африканских мигрантах в Европе @url @url,0
@user @user ратуша социалопе исламо-левый предатель Франции подведу итоги,0
"@user, ты приносишь нам болезнь из Иерусалима?]",1
"@user @user тебе так больно? если он предпочитает Ренуа, то это его вкус, зачем говорить плохо?",0
"@user @user это результат левой идеологии, которая во имя равных возможностей хочет г... @url",0
"@user, почему в Европе так много африканских мигрантов, если все остальные — мерзкие расисты… @url",0
когда увидит кровавую бойню любимого левого радикала Мадуро Меланшона ude4c @url,0
#pmasansfather: во имя всемогущего желания взрослых над детьми допускает насилие над их глубокой идентичностью.,0
"арабы скажут, что это глаза народа @url",1
"так что, если азиаты и Ребеус физически не привлекательны для меня, я также расист по отношению к азиатам и Ребеусу… @url",0
@user @user tg fdp грязная собака грязный еврей газ enctr,1
"@user @user говорит, что... задержка в вопросе, да простит тебя Бог, дорогой друг, да простит тебя Бог",0
"@user @user @user этот интеллектуальный терроризм просто сумасшедший! у вас, конечно, одно и то же имя, но… @url",0
"@user да, спроси, по словам Зеби, ты бы вышел грязным евреем",0
"@user @user, возможно, некоторые люди больше не могут терпеть, чтобы мы зацикливались на таких… @url",0
"чем больше образования получают дети-беженцы, тем больше они развиваются:",0
"@user да, я думаю... смелость udc99 Нил не прислал мне фотографию напрямую, у меня был такой шанс",0
"@user Я действительно не знаю, тролль ли это, но надеюсь, потому что Хэллоуин = сатана, это действительно звучит как религиозный дебил",0
"Это удаляет эту локализацию, чтобы посмотреть renois1, и потому что она локализована с помощью renois 2, так как там не так уж много глупостей… @url",1
"Я считаю, что Янн Мойкс не ошибся в вопросе насилия со стороны полиции. конечно, йена, и ладно, тебе придется… @url",0
"@user, может быть, левый? @url",0
"когда Вокье почти выставляет Филиппа левым, правым, чтобы расстроиться? #политическаямиссия",0
это травмирующее видео ритуала коалиции mr-nva было подвергнуто цензуре в Facebook за «чрезвычайное насилие»… @url,0
"и у меня чертов ларингит, как будто он кашляет, как большой идиот, и у него больше нет голоса, и он сидит на антибиотиках.",0
"независимо от того, за или против абортов, это право каждого, но никто не должен смешивать свои убеждения… @url",0
"Ренуа, у них есть гены титана, они растут 3 дня, они в наличии",1
"@user, ты более чем уважителен, остальные - гораздо меньше!",0
"@user, они те же самые, кто проповедует мораль против абортов....",1
"@user @user Мне потом будет стыдно, по-моему, Ренуа не перестанет это повторять, это… @url",0
"@user @user как ты думаешь, Макрону нравятся арабы? ржу не могу",0
"@user на самом деле, когда немного задерживается на твитах с этого аккаунта...",0
"Я так рада, что Смайт Дэвис выпустила монгольскую Доржсурен, хотя и здесь ей не помогли… @url",0
@user @user pck он всегда печатает действия Ренуа Гризманна,1
"@user @user @user послушай меня, я получил очень популярный титул левого бобо исламо, так хорошо",0
"@user, что ты принесешь со своим грязным арабским лицом и бабушкой?",1
@user @user находиться на вершине пищевой цепочки = мучить животных ради собственного удовольствия?,0
"vs vs понимают, что риск прыжка pcq jecrii с монгольским цзюй дег :((",0
"затем я собираюсь поговорить о нлп-уле, чтобы мне не пришлось слишком подробно останавливаться на них, потому что есть что сказать. еще один… @url",0
"@user должен прекратить млп, она просто левая!",0
"@user и еще две вещи: никакого взаимодействия с феминистками, хотя это основа движения и… @url",0
"Ренуа уже уверены, что скажут «Иисус Христос» @url",0
"@user @user @user технически находится на вершине нашей пищевой цепочки, поскольку... @url",0
"@user за или против абортов, но",0
"@user, есть повстанцы, да?",0
@Применение насилия не может быть нормой. необходимая сила — это когда этого требуют меры вмешательства… @url,0
"наконец-то я не обращал внимания ни на один гангстерский звук, остальное я слушал один раз",0
"@user @user Ротшильды занимаются большими финансами, а Ротшильд = еврей в коллективном бессознательном… @url",0
@user @user @user а что вы говорите по поводу квалификации ущерба или саботажа как насилия… @url,0
"нет, в этом сообщении нет ничего подсознательного..... это продолжение интеллектуального терроризма, его надо смешивать... @url",0
"лол, после этого Ренуа говорят только о сексе #lrt",0
нет права на аборт в Бельгии? зато их ждет конец жизни #парьюпитер,0
"Несмотря на все, что произошло, Трамп продолжает подпитывать теорию антисемитского заговора... страна в беде.… @url",1
Ильхам Алиев принял своего монгольского коллегу - фотографии @url,1
"как выйти из дискуссии «за или против» абортов и вступить в диалог, слушая любовь и сотрудничество… @url",0
"пффф, это безумие, сколько белых девушек, которых трахает Ренуа, играющий в футбол. вази, что ты… @url",0
"нет, но подождите, он не сочтет это расистским, даже если Кэмпион назовет его желтым, или чин-чонг, или фу-ман-шу @url",1
"@user Я не понимаю, ПК так долго на нем задерживается, это безумие, насколько оно пусто. справедливое замечание и для его брата.",0
"проблема мигрантов как комар на яичке, насилие бесполезно...",1
"@user @user было бы хорошо избегать разговоров и споров о вещах, которых ты не понимаешь... @url",0
"@user, он грязный араб..",0
"@user — это левый жаргон, настолько избитый, что превратился в постоянную шутку.",0
"@user @user хороший эколог-левак-бобо. он играет в миллиардера, используя деньги, полученные от мошенничества с нашими налогами.",0
#мигранты пересекли море и нашли социальную помощь,0
@пользователь meklat в Бадрудине: когда #inrocks поддерживают левый и правый исламистский антисемитизм… @url,0
"@user @user, поскольку я не в курсе происходящего, я не слишком зациклен на этом в деталях, но в остальном это… @url",0
"типичный ответ левых на скандал #nickconrad: я осуждаю его, но...",1
"@user @user человек физически слабее слона, но гораздо умнее.",0
"это ясно демонстрирует лицемерие левых... не более ненавистных и жестоких, чем левый экстремист! @url",0
"@user @user Я повторял это снова и снова, я становлюсь противным, да. ахахахахахахахаха лишить свободы... @url",0
Вооруженные нелегальные мигранты столкнулись перед факультетом экоменеджмента в Марселе. выселять их — чрезвычайная ситуация… @url,0
на Корсике с Рашидом.. этим вечером в прямом эфире по телевизору он назвал его грязным арабом. ..Ах ах ах. .рачид... @url,1
"@user но даже ребеус оран я жалуюсь, девочка",0
@user @user @user @user @user и все общество одобряют насилие… @url,0
"она подводит итоги.nсмотрит, где она находится,запятыеоткрывает круглые скобкиnnaeve trema se ch @url",0
"@user привет, Исламотрамп! просто попросите нас, левых, хранить свою веру при себе.... @url",1
"@user, о? jsp Я заблокировал прямой cmb?",1
"@user @user @user Я сам белый и всю свою жизнь тусовался с Ренуа, даже если я… @url",0
@user У меня первый прием гормонов в следующую пятницу,0
гость Африка - Алжир: «мигранты сейчас гораздо более уязвимы» для Лейлы Беррато @url,1
Менар левый плюет на еще теплый труп Фориссона. @url,0
"@user @user @user ложь. люди, не подвергающиеся насилию, проповедуют ненасилие, поскольку они… @url",0
добавлено видео @user плейлист @url у оппозиции нет программы и она фокусируется на фейках,0
более 60 городов уже сказали «да» помощи беженцам. и ваш ? …,0
"Может ли католичка-фундаменталистка, которая по воскресеньям выступает против права на аборт, называть себя феминисткой??",0
"против абортов, давайте поддержим доктора Бертрана де Рошамбо @url",0
"@use связь с терроризмом – это аргумент предвзятого видения ислама, о котором вы говорите. кстати… @url",0
"@user @user чем бы занимались еврейские политологи, если бы не нацисты?",0
"Ренуа, я уже так тебя люблю, тогда jsp, это действительно то чувство @url",0
"мы, черные, повстанцы, хотим их всех искоренить… @url",1
Явно хороший левый файдтвитит и тогда у него нет больше аргументов иначе он противоречит сам себе... ... @url,1
"Господи, я узнал, что гигантская шлюха из моей старой школы кричала против абортов.",1
"@user, когда вы берете свои источники где-то еще, кроме конспирологического и антисемитского сайта, и останавливаетесь… @url",0
"Моя цель — сделать ребеус модным в Японии. и я неплохо справился, лол",0
"не уверен, что я даже убежден, что #zemmour... это доминирующая мысль французов, за исключением, конечно, левых… @url",0
Коктейльный образ в черно-белом цвете @url,0
@user спасибо,0
"если бы оператор сломал себе яйца, он снял бы большую свинью Ребеуса Хагрида, который заменяет Симеоне #asmatl",1
"#макрон пригрозил выдворить мигрантов, но этого не происходит! Почему? потому что он слабый и не может… @url",0
"@user, если вы феминистка, вы защищаете все права женщин, даже право оставаться дома и заботиться о… @url",0
"напоминание: в прошлом году Трамп предположил, что евреи могут совершать антисемитские преступления на почве ненависти и… @url",1
"@user, когда делает столкновение цивилизаций основой борьбы с терроризмом, оживляет at… @url",0
@user можем ли мы навязать его (вонючий 4х4 | гнилой характер | идиотизм | насилие | кот | недержание | а… @url,0
"все становится черным, когда мои ниггеры отказываются идти спать #ceweekendilsonttropabuser",1
"веганское движение: мирное или даже активистское движение, выступающее за мир, в котором все животные и все люди… @url",0
"Привет @user, веган против абортов? логически да, поскольку мы убиваем живое существо, верно?",0
"@user @user @user спасибо, что выставили арабов ненавистниками",0
"@user @user @user мне? увеличить интерфейс, чтобы он поместился на гораздо меньшем экране c… @url",0
@user определенно любой дебил в наши дни может иметь профессиональную карту. снова увидеть идиота… @url,0
"@user Американская левая пропаганда не имеет границ, как во Франции.n#bfmtv",0
"@user @user @user @user @user несмотря на то, что ты все еще левый... @url",0
"лол парень говорит о черных членах, это показывает, что он не знает членов ребеуса — ну это лол лол стоп @url",1
"@user big, ты тоже не собираешься это сделать? есть люди из Ренна, которые просят вас не говорить ниггер, говорить не ниггер… @url",1
Первое официальное уведомление Парижа о комментариях Эрика Земмура о мусульманских мигрантах @url через @user,0
": [@user @user @user, когда ты обвиняешь BTS в сексуальных домогательствах, это несерьезно, но когда возвращается… @url",0
#социальноепреследование. взломать. автомобильный вандализм,0
"@user @user в то же время это исходит от парня-вегана, который управляет несколькими анти-сайтами и страницами… @url",0
"@user @user Я считаю, что закон черным по белому написан в статьях закона",0
пуховик и угги действительно ренуа переборщили #jaimelestylehivermaispaslefroid #jsuisunevraigwada,0
"@user, мы должны верить, что эти НПО поддерживаются правительством, которое выступает за массовую иммиграцию и исламизацию страны.",0
"давайте проясним ситуацию. Нет, я не тупой дебил или что-то в этом роде. У меня есть уровень культуры… @url",0
"@user да, ясно, и, прежде всего, это будет только научно",0
"@user @user @user боже мой! Наверное, здорово иметь левое полушарие мозга..... @url",0
"@user @user @user множество животных находится на грани исчезновения, так что спасибо всем, кто благодарит Муссоли и фермеров.",0
«Рост популизма можно объяснить страхом перед нелегальными мигрантами» @url,1
еще один отключенный левый...,0
"@user @user Франция Европа — значительная часть арабского мира, да и мир в целом считает ч… @url",0
"@user Мне бы хотелось, чтобы его линчевали по-настоящему, арабы и чернокожие имеют значение, но… @url",1
"абсолютно ! его необходимо высадить на абордаж национальным флотом, арестовать всех оккупантов, изгнать мигрантов… @url",1
эвтаназия аборт смертная казнь #pma #gpa общество против жизни в самом разгаре и дьявол тебя поцелует… @url,0
"@user, когда в этом году я поехал в Африку на 4 месяца, я вернулся, и сука была очень счастлива, так что не волнуйся",0
"@user @user @user это не мигранты приезжают воровать работы французов, а т… @url",0
@user @user @user в Израиле 15% израильских арабов. они голосуют и имеют избранных представителей: +10%… @url,0
"@user, он дебил, я мертв, он так гордится",1
@user sjw и феминистка в Твиттере — грязная комбинация,0
@user @user @user все католички против абортов.,0
"«беленькие» птдр, если бы они знали, что в этой партии гига арабов, а в Ренне еще больше фанатов @url",0
"на земле больше Ренуа, чем во всех странах Африки к югу от Сахары вместе взятых #olom",0
"мдрррр, Сен-Дени — это действительно Африка, ко",0
@user ведь нам как силовику закон запрещает чувствовать себя человеком своего пола (... @url,0
@user Только настоящие мужчины выходят за рамки фан-сервиса и вместо этого сосредотачиваются на работе и послании… @url,0
"@user это антисемитский акт, но это слово нелегко произнести, потому что автор не черный и не араб… @url",1
"@user, если ты считаешь, что грязный черный/грязный еврей тоже не расист, то я ничего не могу для тебя сделать",0
Германия: арабские кланы создают закон....,1
@user @user нет нет. антигосударственный заговорщик-который-рэкет-автомобилисты-которые-на них работают,0
"только представьте, если его дети предпочтут гулять с Ренуа Реубе или Азиат @url",1
"и серьезно, что моих ребе и чернокожих друзей регулярно проверяли их… @url",0
@user mddrrrrrr слишком много насилия,0
"@user bouahahhaa он дрочит под косплей Сники, этот дебил",0
киберпреследование: 25-летний молодой человек осужден за удаленное изнасилование @url через @user,0
"ptdrr, но ты отсталый, иначе невозможно, а @url",0
"@user ложный ноль ноль, большинство не арабы",0
"двоюродная сестра белая, и она встречается только с Ребе/Ренуа + она меняет парней каждый месяц, я ее понимаю… @url",0
"во Франции парикмахеры ребеус используют рай... здесь ставят каари в режим 93, они скучают, это красиво",0
"@user Франция — многонациональная страна, соблюдающая французский язык, в которой используются арабские слова… @url",0
